ыфвфыв,фывф
фывыф,фывфы
выаыв,ваыа
фывв,фывф
zcs,dasdas
asdas,sadas
asd,asdas
asdas,sad
asdas,sadas
asdsa,asda
asdsa,dasd
asdsa,dasd
asdsa,dasd
asdsa,dasd
dfds,dfs
dfds,dfs
dfs,sdfsd
df,sdf
fds,dsfsd
1111,1111111
222222,2222222
3333333,3333333
111,22222
111,22222
111,22222
111,22222
111,22222
111,22222
111,22222
111,22222
dsf,dfs
asdas,sadas
asdas,sadas
asdas,sadas
5,555555555
asd,asdsa
asda,asd
asdas,asda
asdas,asd
asdas,sadads
asdas,sdas
dfsf,sdfs
asdas,asdas
dsdsa,asdas
выаы,выаыв
авыа,ываы
вфыв,фывфы
фывфы,выфвф
